chrom	start	end	score
NW_002476459.1	24299	24321	314.0007
NW_002476459.1	24301	24321	501.2136
NW_002476459.1	24303	24321	743.7763
NW_002476459.1	24304	24320	322.4544
NW_002476459.1	24305	24321	1064.356
NW_002476459.1	24306	24322	327.7809
NW_002476459.1	24307	24323	646.6675
NW_002476459.1	24308	24324	325.3277
NW_002476459.1	24309	24327	740.4953
NW_002476459.1	24311	24327	941.0174
NW_002476463.1	10454	10474	430.5798
NW_002476463.1	10456	10474	649.9722
NW_002476463.1	10458	10474	941.0174
NW_002476463.1	10460	10476	644.7873
NW_002476463.1	10461	10477	325.3277
NW_002476463.1	10462	10478	646.6675
NW_002476463.1	10463	10479	327.7809
NW_002476463.1	10464	10480	1064.356
NW_002476463.1	10465	10481	322.4544
NW_002476463.1	10466	10482	646.6675
NW_002476463.1	24131	24147	325.1057
NW_002476463.1	24132	24148	368.1426
NW_002476463.1	24133	24149	335.723
NW_002476463.1	24134	24150	374.8228
NW_002476463.1	24135	24151	333.4324
NW_002476463.1	24136	24152	368.1426
NW_002476463.1	24137	24153	304.5481
NW_002476463.1	24476	24496	338.9588
NW_002476463.1	24478	24496	415.763
NW_002476463.1	24480	24496	511.3085
NW_002476463.1	24482	24498	585.537
NW_002476463.1	24679	24703	361.0943
NW_002476463.1	24680	24704	815.2416
NW_002476463.1	24681	24705	706.9788
NW_002476463.1	24682	24704	919.3612
NW_002476463.1	24683	24705	944.5618
NW_002476463.1	24684	24704	1064.356
NW_002476463.1	24685	24705	1139.863
NW_002476463.1	24686	24704	916.6064
NW_002476463.1	24687	24705	903.6427
NW_002476463.1	24688	24704	908.3955
NW_002476463.1	24689	24705	1088.906
NW_002476463.1	24690	24706	431.7898
NW_002476463.1	24691	24707	994.2278
NW_002476463.1	24692	24708	363.0929
NW_002476463.1	24694	24710	366.1135
NW_002476463.1	24695	24711	987.495
NW_002476463.1	268293	268309	325.5499
NW_002476463.1	268295	268311	307.8727
NW_002476463.1	268297	268313	302.6955
NW_002476463.1	585194	585218	598.797
NW_002476463.1	585195	585219	332.2936
NW_002476463.1	585196	585218	729.1352
NW_002476463.1	585197	585219	406.5738
NW_002476463.1	585198	585218	884.2374
NW_002476463.1	585199	585219	493.4346
NW_002476463.1	585200	585218	1065.974
NW_002476463.1	585201	585219	595.7745
NW_002476463.1	585202	585218	1287.786
NW_002476463.1	585203	585219	660.4787
NW_002476463.1	585204	585220	1104.771
NW_002476463.1	585205	585221	574.2485
NW_002476463.1	585206	585222	400.9436
NW_002476463.1	597258	597276	338.7265
NW_002476463.1	597260	597276	402.0628
NW_002476463.1	976276	976300	336.4135
NW_002476463.1	976278	976302	645.7266
NW_002476463.1	976279	976303	469.5477
NW_002476463.1	976280	976302	731.8227
NW_002476463.1	976281	976303	551.9801
NW_002476463.1	976282	976302	836.7375
NW_002476463.1	976283	976303	645.7266
NW_002476463.1	976284	976302	606.6462
NW_002476463.1	976285	976303	680.5555
NW_002476463.1	976286	976302	498.0152
NW_002476463.1	976287	976303	521.9984
NW_002476463.1	976288	976304	429.6746
NW_002476463.1	976289	976305	491.336
NW_002476463.1	976290	976306	408.85
NW_002476463.1	976291	976307	411.715
NW_002476463.1	1077023	1077039	629.5006
NW_002476463.1	1077031	1077047	702.8421
NW_002476463.1	1178565	1178581	308.5005
NW_002476463.1	1178567	1178583	311.8726
NW_002476463.1	1178569	1178585	313.1476
NW_002476463.1	1178571	1178587	311.4489
NW_002476463.1	1281458	1281474	402.0628
NW_002476463.1	1455229	1455253	379.2624
NW_002476463.1	1455230	1455254	760.4197
NW_002476463.1	1455231	1455253	457.1121
NW_002476463.1	1455232	1455254	903.6427
NW_002476463.1	1455233	1455253	547.2477
NW_002476463.1	1455234	1455254	1069.217
NW_002476463.1	1455235	1455253	514.6003
NW_002476463.1	1455236	1455254	1265.163
NW_002476463.1	1455237	1455253	784.4035
NW_002476463.1	1455238	1455254	1493.421
NW_002476463.1	1455239	1455255	654.7252
NW_002476463.1	1455240	1455256	659.9972
NW_002476463.1	1455880	1455896	304.5481
NW_002476463.1	1455882	1455898	324.8839
NW_002476463.1	1455884	1455900	326.2175
NW_002476463.1	1455886	1455902	334.1178
NW_002476463.1	1528461	1528481	340.8232
NW_002476463.1	1528462	1528482	340.8232
NW_002476463.1	1528463	1528481	418.6811
NW_002476463.1	1528464	1528482	418.6811
NW_002476463.1	1528465	1528481	495.8953
NW_002476463.1	1528466	1528482	495.8953
NW_002476463.1	1528467	1528483	544.5076
NW_002476463.1	1528468	1528484	492.0344
NW_002476463.1	1631050	1631070	328.005
NW_002476463.1	1631052	1631070	389.9379
NW_002476463.1	1631056	1631072	471.2113
NW_002476465.1	12453	12469	338.4944
NW_002476465.1	12454	12470	453.2603
NW_002476465.1	21066	21090	388.8557
NW_002476465.1	21068	21090	444.41
NW_002476465.1	21069	21089	332.9764
NW_002476465.1	21070	21090	489.2471
NW_002476465.1	21072	21090	501.9274
NW_002476465.1	21074	21090	557.9584
NW_002476470.1	39559	39575	310.8145
NW_002476472.1	20477	20497	335.723
NW_002476472.1	20479	20497	395.674
NW_002476472.1	20480	20498	321.7953
NW_002476472.1	20481	20497	468.5526
NW_002476472.1	20482	20498	354.6819
NW_002476472.1	114139	114157	333.2043
NW_002476472.1	114141	114157	436.3609
NW_002476472.1	114143	114159	451.6658
NW_002476472.1	114145	114161	436.6675
NW_002476473.1	48535	48555	306.6213
NW_002476473.1	66491	66509	335.2635
NW_002476473.1	66492	66510	301.2631
NW_002476473.1	66493	66509	433.6119
NW_002476473.1	66494	66510	386.9697
NW_002476473.1	66495	66511	442.2271
NW_002476473.1	66496	66512	386.9697
NW_002476473.1	66497	66513	435.1368
NW_002476473.1	66498	66514	379.5254
NW_002476476.1	31907	31923	305.5828
NW_002476476.1	31909	31925	304.9615
NW_002476476.1	87140	87158	476.2409
NW_002476476.1	87142	87158	731.8227
NW_002476476.1	87144	87160	771.7397
NW_002476476.1	87146	87162	688.5695
NW_002476476.1	87148	87164	782.6634
NW_002476476.1	87149	87165	471.8786
NW_002476476.1	87150	87166	682.0504
NW_002476477.1	52078	52094	369.1618
NW_002476477.1	52080	52096	400.6644
NW_002476477.1	52081	52097	501.2136
NW_002476477.1	52082	52098	372.4955
NW_002476477.1	87311	87327	359.8513
NW_002476477.1	87312	87328	537.1454
NW_002476477.1	87313	87329	368.9067
NW_002476477.1	104811	104829	342.6989
NW_002476477.1	104813	104829	447.5489
NW_002476477.1	104815	104831	512.4032
NW_002476477.1	104817	104833	505.8732
NW_002476477.1	120365	120383	342.6989
NW_002476477.1	120367	120383	447.5489
NW_002476477.1	120369	120385	512.4032
NW_002476477.1	120371	120387	505.8732
NW_002476481.1	10017	10039	356.1505
NW_002476481.1	10019	10039	434.8314
NW_002476481.1	10021	10039	518.655
NW_002476481.1	10023	10039	631.3323
NW_002476481.1	10024	10042	308.5005
NW_002476481.1	10025	10041	667.7482
NW_002476481.1	10026	10042	346.9608
NW_002476481.1	10027	10043	310.8145
NW_002476481.1	53273	53293	323.115
NW_002476481.1	53274	53294	323.115
NW_002476481.1	53275	53293	397.3299
NW_002476481.1	53276	53294	398.9933
NW_002476481.1	53277	53293	492.0344
NW_002476481.1	53278	53294	492.0344
NW_002476481.1	53279	53295	495.8953
NW_002476481.1	53280	53296	495.8953
NW_002476481.1	53281	53297	372.4955
NW_002476481.1	53282	53298	368.1426
NW_002476481.1	163576	163596	318.7391
NW_002476481.1	163578	163596	383.2277
NW_002476481.1	163580	163596	461.9774
NW_002476481.1	169587	169603	373.0113
NW_002476481.1	169589	169605	377.689
NW_002476481.1	169591	169607	373.0113
NW_002476481.1	177221	177245	341.5252
NW_002476481.1	177223	177245	449.1275
NW_002476481.1	177225	177245	575.9058
NW_002476481.1	177227	177245	729.6718
NW_002476481.1	177229	177245	920.0513
NW_002476481.1	177409	177427	300.4479
NW_002476481.1	177411	177427	374.8228
NW_002476481.1	177413	177429	400.6644
NW_002476481.1	177415	177431	398.7155
NW_002476481.1	224451	224467	442.2271
NW_002476481.1	287892	287914	345.0594
NW_002476481.1	287894	287914	443.473
NW_002476481.1	287896	287914	672.1516
NW_002476481.1	287897	287915	354.1938
NW_002476481.1	287898	287914	903.6427
NW_002476481.1	287899	287915	471.8786
NW_002476481.1	287900	287916	922.8173
NW_002476481.1	287901	287917	505.8732
NW_002476481.1	287902	287918	922.8173
NW_002476481.1	287903	287919	473.5512
NW_002476481.1	287904	287920	846.1376
NW_002476481.1	287905	287921	463.6117
NW_002476481.1	325309	325333	359.6033
NW_002476481.1	325310	325334	846.7683
NW_002476481.1	325311	325335	2895.599
NW_002476481.1	325312	325336	6946.618
NW_002476481.1	325313	325337	8199.953
NW_002476481.1	325314	325338	18315.27
NW_002476481.1	325315	325337	10163.27
NW_002476481.1	325316	325338	22472.29
NW_002476481.1	325317	325337	12507.71
NW_002476481.1	325318	325338	27455.94
NW_002476481.1	325319	325337	15390.48
NW_002476481.1	325320	325338	33522.78
NW_002476481.1	325321	325337	19002.75
NW_002476481.1	325322	325338	40899.66
NW_002476481.1	325323	325339	9292.622
NW_002476481.1	325324	325340	9041.542
NW_002476481.1	325325	325341	3471.444
NW_002476481.1	325326	325342	3434.218
NW_002476481.1	325327	325343	903.6427
NW_002476481.1	325328	325344	974.177
NW_002476481.1	325349	325373	332.7486
NW_002476481.1	325350	325374	656.637
NW_002476481.1	325351	325375	445.6627
NW_002476481.1	325352	325374	776.8933
NW_002476481.1	325353	325375	530.2707
NW_002476481.1	325354	325374	915.9191
NW_002476481.1	325355	325375	642.913
NW_002476481.1	325356	325374	1089.735
NW_002476481.1	325357	325375	770.5995
NW_002476481.1	325358	325374	1281.842
NW_002476481.1	325359	325375	917.2942
NW_002476481.1	325360	325376	527.6232
NW_002476481.1	504402	504422	316.3602
NW_002476481.1	654510	654528	313.1476
NW_002476481.1	654512	654528	389.1259
NW_002476481.1	654514	654530	372.4955
NW_002476481.1	654516	654532	367.3802
NW_002476481.1	731532	731556	329.5779
NW_002476481.1	731534	731556	385.6287
NW_002476481.1	731536	731556	449.7606
NW_002476481.1	731538	731556	523.1181
NW_002476481.1	731539	731557	315.4999
NW_002476481.1	731540	731556	608.4057
NW_002476481.1	858060	858076	318.9563
NW_002476481.1	858062	858078	318.522
NW_002476481.1	905551	905573	317.4391
NW_002476481.1	905553	905573	371.7232
NW_002476481.1	905555	905573	421.6216
NW_002476481.1	905557	905573	492.384
NW_002476481.1	937638	937662	305.3756
NW_002476481.1	937640	937662	405.4409
NW_002476481.1	937642	937662	525.3654
NW_002476481.1	937643	937661	339.4238
NW_002476481.1	937644	937662	672.1516
NW_002476481.1	937645	937661	419.2674
NW_002476481.1	937646	937662	856.2907
NW_002476481.1	937647	937663	408.2797
NW_002476481.1	937648	937666	630.8738
NW_002476481.1	937649	937665	320.9189
NW_002476481.1	937650	937666	689.0738
NW_002476481.1	937652	937668	435.7484
NW_002476481.1	1029047	1029063	349.1135
NW_002476481.1	1029049	1029065	391.2953
NW_002476481.1	1029051	1029067	342.6989
NW_002476481.1	1160304	1160320	367.3802
NW_002476481.1	1160306	1160322	372.4955
NW_002476481.1	1160308	1160324	372.4955
NW_002476483.1	144794	144810	378.2127
NW_002476484.1	84944	84960	309.1297
NW_002476484.1	84946	84962	309.3397
NW_002476484.1	84948	84964	309.3397
NW_002476484.1	84950	84966	306.2055
NW_002476484.1	178499	178515	381.3716
NW_002476484.1	178501	178517	388.5856
NW_002476484.1	178503	178519	344.5859
NW_002476484.1	257816	257840	395.674
NW_002476484.1	257817	257841	463.6117
NW_002476484.1	257818	257842	936.7831
NW_002476484.1	257819	257841	551.1883
NW_002476484.1	257820	257842	1108.987
NW_002476484.1	257821	257841	650.4458
NW_002476484.1	257822	257842	1297.758
NW_002476484.1	257823	257841	764.361
NW_002476484.1	257824	257842	1531.209
NW_002476484.1	257825	257841	801.4424
NW_002476484.1	257826	257842	1287.786
NW_002476484.1	257827	257843	523.1181
NW_002476484.1	257828	257844	1049.117
NW_002476484.1	257829	257845	408.85
NW_002476484.1	257830	257846	374.8228
NW_002476484.1	274244	274268	358.613
NW_002476484.1	274246	274268	330.2545
NW_002476484.1	274248	274268	335.723
NW_002476484.1	275031	275055	358.613
NW_002476484.1	275033	275055	330.2545
NW_002476484.1	275035	275055	335.723
NW_002476484.1	317045	317065	321.7953
NW_002476484.1	317046	317066	340.5895
NW_002476484.1	317047	317065	407.9948
NW_002476484.1	317048	317066	418.6811
NW_002476484.1	317049	317065	501.9274
NW_002476484.1	317050	317066	495.8953
NW_002476484.1	317051	317067	495.8953
NW_002476484.1	317052	317068	492.0344
NW_002476484.1	317053	317069	372.4955
NW_002476484.1	351871	351895	332.9764
NW_002476484.1	351873	351895	393.7518
NW_002476484.1	351875	351895	463.9393
NW_002476484.1	351877	351895	546.8554
NW_002476484.1	351879	351895	646.6675
NW_002476484.1	354853	354873	363.3435
NW_002476484.1	354855	354873	478.6081
NW_002476484.1	354857	354873	624.4931
NW_002476484.1	354859	354877	486.8224
NW_002476484.1	562963	562987	459.0515
NW_002476484.1	562964	562988	490.2903
NW_002476484.1	562965	562989	1179.771
NW_002476484.1	562966	562990	1235.347
NW_002476484.1	562967	562991	2520.874
NW_002476484.1	562968	562992	2608.349
NW_002476484.1	562969	562993	4658.555
NW_002476484.1	562970	562994	4666.447
NW_002476484.1	562971	562995	7665.262
NW_002476484.1	562972	562996	7814.145
NW_002476484.1	562973	562995	8743.55
NW_002476484.1	562974	562996	8743.55
NW_002476484.1	562975	562995	6218.186
NW_002476484.1	562976	562996	6218.186
NW_002476484.1	562977	562995	4077.888
NW_002476484.1	562978	562996	4077.888
NW_002476484.1	562979	562995	2422.776
NW_002476484.1	562980	562996	2422.776
NW_002476484.1	562981	562997	1094.722
NW_002476484.1	562982	562998	1094.722
NW_002476484.1	562983	562999	411.4275
NW_002476484.1	562984	563000	398.7155
NW_002476484.1	663429	663445	300.2445
NW_002476484.1	663433	663449	302.0807
NW_002476484.1	720752	720776	408.2797
NW_002476484.1	720753	720777	438.5121
NW_002476484.1	720754	720778	464.9237
NW_002476484.1	720755	720779	389.1259
NW_002476484.1	720756	720780	508.0397
NW_002476484.1	720757	720781	508.0397
NW_002476484.1	720758	720780	525.741
NW_002476484.1	720759	720781	525.741
NW_002476484.1	720760	720784	464.9237
NW_002476484.1	720761	720785	464.9237
NW_002476484.1	720762	720784	453.8998
NW_002476484.1	720763	720785	453.8998
NW_002476485.1	32196	32220	302.4904
NW_002476485.1	32197	32221	354.1938
NW_002476485.1	32198	32220	365.8607
NW_002476485.1	32199	32221	417.8033
NW_002476485.1	32200	32220	439.4377
NW_002476485.1	32201	32221	490.9871
NW_002476485.1	32202	32220	525.741
NW_002476485.1	32203	32221	577.1522
NW_002476485.1	32204	32220	630.4157
NW_002476485.1	32205	32221	676.0922
NW_002476485.1	32206	32222	656.1585
NW_002476485.1	32207	32223	334.3466
NW_002476487.1	35402	35426	397.6066
NW_002476487.1	35403	35427	519.7668
NW_002476487.1	35404	35428	645.7266
NW_002476487.1	35405	35429	871.7688
NW_002476487.1	35406	35430	871.7688
NW_002476487.1	35407	35429	877.6511
NW_002476487.1	35408	35430	877.6511
NW_002476487.1	35409	35429	603.5805
NW_002476487.1	35410	35430	603.5805
NW_002476487.1	35411	35429	420.1486
NW_002476487.1	35412	35430	420.1486
NW_002476487.1	35413	35429	328.4535
NW_002476487.1	35414	35430	328.4535
NW_002476487.1	53524	53548	596.2053
NW_002476487.1	53525	53549	346.0087
NW_002476487.1	53526	53548	727.5278
NW_002476487.1	53527	53549	415.1821
NW_002476487.1	53528	53548	880.9376
NW_002476487.1	53529	53549	494.8391
NW_002476487.1	53530	53548	1083.947
NW_002476487.1	53531	53549	642.4453
NW_002476487.1	53532	53548	1287.786
NW_002476487.1	53533	53549	704.3903
NW_002476487.1	53534	53550	1094.722
NW_002476487.1	53535	53551	557.1572
NW_002476487.1	53536	53552	478.9474
NW_002476492.1	1830	1850	336.8747
NW_002476492.1	1831	1851	346.4843
NW_002476492.1	1832	1850	449.4439
NW_002476492.1	1833	1851	461.9774
NW_002476492.1	1834	1850	593.197
NW_002476492.1	1835	1851	608.8464
NW_002476492.1	1836	1852	556.7571
NW_002476492.1	1837	1853	380.5792
NW_002476492.1	1838	1854	466.2397
NW_002476492.1	1839	1855	303.3116
NW_002476492.1	1840	1856	302.9007
NW_002476492.1	93409	93425	301.2631
NW_002476492.1	93411	93427	301.876
NW_002476492.1	113324	113348	666.2873
NW_002476492.1	113325	113349	684.0491
NW_002476492.1	113326	113350	829.2991
NW_002476492.1	113327	113349	803.8239
NW_002476492.1	113328	113350	969.0504
NW_002476492.1	113329	113349	941.0174
NW_002476492.1	113330	113350	1128.608
NW_002476492.1	113331	113349	1100.572
NW_002476492.1	113332	113350	1305.795
NW_002476492.1	113333	113349	1249.678
NW_002476492.1	113334	113350	413.1558
NW_002476492.1	113335	113353	475.5669
NW_002476492.1	180830	180850	375.0824
NW_002476492.1	180831	180849	330.9327
NW_002476492.1	180832	180850	494.4875
NW_002476492.1	180833	180849	432.0929
NW_002476492.1	180834	180850	645.2567
NW_002476492.1	180835	180851	470.5451
NW_002476492.1	180836	180852	659.9972
NW_002476492.1	180837	180853	471.2113
NW_002476492.1	180838	180854	657.1159
NW_002476492.1	180839	180855	325.7723
NW_002476492.1	180840	180856	437.5888
NW_002476495.1	374364	374388	491.6851
NW_002476495.1	374365	374389	456.7898
NW_002476495.1	374366	374390	981.5517
NW_002476495.1	374367	374389	547.2477
NW_002476495.1	374368	374390	1153.883
NW_002476495.1	374369	374389	651.3941
NW_002476495.1	374370	374390	1354.114
NW_002476495.1	374371	374389	761.5435
NW_002476495.1	374372	374390	1581.137
NW_002476495.1	374373	374389	868.5194
NW_002476495.1	374374	374390	685.5523
NW_002476495.1	374375	374391	352.249
NW_002476495.1	374376	374392	522.7446
NW_002476495.1	451653	451671	336.1831
NW_002476495.1	451655	451671	431.7898
NW_002476495.1	451657	451673	433.3077
NW_002476500.1	55950	55972	315.0708
NW_002476500.1	55952	55972	457.7576
NW_002476500.1	55954	55972	636.3996
NW_002476500.1	55955	55971	303.5173
NW_002476500.1	55956	55972	866.576
NW_002476500.1	55957	55973	335.2635
NW_002476500.1	55958	55974	884.2374
NW_002476500.1	55959	55975	332.7486
NW_002476500.1	55960	55976	879.6214
NW_002476500.1	55961	55977	326.6633
NW_002476500.1	55962	55978	846.7683
NW_002476500.1	58914	58938	368.1426
NW_002476500.1	58916	58938	437.2814
NW_002476500.1	58918	58938	517.1765
NW_002476500.1	58920	58938	611.0553
NW_002476500.1	58922	58938	682.0504
NW_002476500.1	89494	89514	322.6745
NW_002476500.1	89495	89515	366.6196
NW_002476500.1	89496	89514	402.9044
NW_002476500.1	89497	89515	455.8242
NW_002476500.1	89498	89514	501.2136
NW_002476500.1	89499	89515	565.2257
NW_002476500.1	89500	89516	539.4585
NW_002476500.1	89501	89517	611.4981
NW_002476500.1	89502	89518	637.7893
NW_002476500.1	89503	89519	571.7723
NW_002476507.1	36017	36041	420.7371
NW_002476507.1	36019	36043	800.2545
NW_002476507.1	36020	36044	521.9984
NW_002476507.1	36021	36045	1435.257
NW_002476507.1	36023	36045	1618.779
NW_002476507.1	36024	36044	677.5764
NW_002476507.1	36025	36045	1797.671
NW_002476507.1	36026	36044	315.4999
NW_002476507.1	36027	36045	1093.889
NW_002476507.1	36029	36045	608.4057
NW_002476507.1	215689	215713	318.9563
NW_002476507.1	215690	215714	398.438
NW_002476507.1	215691	215715	1331.261
NW_002476507.1	215692	215716	1752.767
NW_002476507.1	215693	215717	2987.262
NW_002476507.1	215694	215718	1938.421
NW_002476507.1	215695	215719	5527.725
NW_002476507.1	215696	215720	4310.46
NW_002476507.1	215697	215721	15687.97
NW_002476507.1	215698	215722	12065.8
NW_002476507.1	215699	215723	24213.35
NW_002476507.1	215700	215722	11734.7
NW_002476507.1	215701	215725	33746.78
NW_002476507.1	215702	215726	13443.77
NW_002476507.1	215703	215727	31907.01
NW_002476507.1	215704	215728	11200.74
NW_002476507.1	215705	215729	48333.93
NW_002476507.1	215706	215730	31012.34
NW_002476507.1	215707	215729	49280.79
NW_002476507.1	215708	215730	34957.26
NW_002476507.1	215709	215729	51383.17
NW_002476507.1	215710	215730	39890.81
NW_002476507.1	215711	215729	55224.85
NW_002476507.1	215712	215730	41096.72
NW_002476507.1	215713	215729	32272.45
NW_002476507.1	215714	215730	13455.93
NW_002476507.1	215715	215731	7611.873
NW_002476507.1	215716	215732	5406.163
NW_002476507.1	215717	215733	3004.483
NW_002476507.1	215718	215734	4217.194
NW_002476507.1	215719	215735	851.8325
NW_002476507.1	215720	215736	468.2215
NW_002476507.1	811978	812000	324.8839
NW_002476507.1	811979	812001	303.1061
NW_002476507.1	811980	812000	383.2277
NW_002476507.1	811981	812001	371.7232
NW_002476507.1	811982	812000	356.1505
NW_002476507.1	811983	812001	441.2951
NW_002476507.1	811984	812000	389.1259
NW_002476507.1	811985	812001	504.7937
NW_002476507.1	811986	812002	400.6644
NW_002476507.1	811988	812004	372.7533
NW_002476509.1	35123	35139	332.5211
NW_002476512.1	65931	65951	367.3802
NW_002476512.1	65933	65951	541.3944
NW_002476512.1	65935	65951	772.3105
NW_002476512.1	310376	310400	360.8453
NW_002476512.1	310377	310401	534.4604
NW_002476512.1	310378	310402	735.6033
NW_002476512.1	310379	310403	1107.299
NW_002476512.1	310380	310402	817.0605
NW_002476512.1	310381	310403	1217.448
NW_002476512.1	310382	310402	742.1338
NW_002476512.1	310383	310403	1265.163
NW_002476512.1	310384	310402	750.3857
NW_002476512.1	310385	310403	950.9782
NW_002476512.1	310386	310402	494.1363
NW_002476512.1	310387	310403	799.6613
NW_002476512.1	310388	310404	322.4544
NW_002476512.1	310389	310405	692.615
NW_002476512.1	399018	399034	300.8552
NW_002476512.1	399020	399036	300.8552
NW_002476512.1	499455	499471	322.8947
NW_002476512.1	499457	499473	330.2545
NW_002476512.1	499459	499475	340.1227
NW_002476512.1	499461	499477	319.3913
NW_002476512.1	611520	611538	311.6606
NW_002476512.1	611521	611539	311.6606
NW_002476512.1	611522	611538	369.9282
NW_002476512.1	611523	611539	369.9282
NW_002476512.1	888139	888155	302.9007
NW_002476512.1	888140	888156	300.8552
NW_002476512.1	888141	888157	352.249
NW_002476512.1	888142	888158	338.4944
NW_002476512.1	888143	888159	381.1073
NW_002476512.1	888144	888160	358.366
NW_002476512.1	888145	888161	368.6518
NW_002476512.1	888146	888162	354.9262
NW_002476512.1	960416	960440	391.5674
NW_002476512.1	960418	960440	505.1533
NW_002476512.1	960420	960440	638.2532
NW_002476512.1	960421	960439	327.5571
NW_002476512.1	960422	960440	800.2545
NW_002476512.1	960423	960439	404.5934
NW_002476512.1	960424	960440	982.2925
NW_002476512.1	960425	960441	429.6746
NW_002476512.1	960426	960442	989.7338
NW_002476512.1	960427	960443	478.9474
NW_002476512.1	960428	960444	919.3612
NW_002476512.1	1092472	1092490	301.6715
NW_002476512.1	1092474	1092490	374.8228
NW_002476512.1	1092478	1092494	369.1618
NW_002476512.1	1290532	1290552	324.4406
NW_002476512.1	1290534	1290552	399.8279
NW_002476512.1	1290536	1290552	492.0344
NW_002476512.1	1290538	1290554	529.1343
NW_002476512.1	1290540	1290556	416.3448
NW_002476512.1	1394022	1394046	524.6151
NW_002476512.1	1394023	1394047	374.3042
NW_002476512.1	1394024	1394046	727.5278
NW_002476512.1	1394025	1394047	537.1454
NW_002476512.1	1394026	1394046	993.4773
NW_002476512.1	1394027	1394047	736.6874
NW_002476512.1	1394028	1394046	1306.804
NW_002476512.1	1394029	1394047	984.5185
NW_002476512.1	1394030	1394046	1709.068
NW_002476512.1	1394031	1394047	1297.758
NW_002476512.1	1394032	1394048	1723.956
NW_002476512.1	1394033	1394049	1295.757
NW_002476512.1	1394034	1394050	1696.99
NW_002476512.1	1394035	1394051	1177.064
NW_002476512.1	1484614	1484630	329.3527
NW_002476512.1	1484618	1484634	378.7371
NW_002476512.1	1484620	1484636	381.1073
NW_002476514.1	117389	117405	309.7603
NW_002476514.1	117390	117406	305.7902
NW_002476514.1	117391	117407	316.1449
NW_002476514.1	117392	117408	305.9978
NW_002476514.1	117393	117409	307.8727
NW_002476514.1	117394	117410	335.953
NW_002476514.1	117395	117411	303.3116
NW_002476514.1	225024	225048	946.6953
NW_002476514.1	225025	225049	1057.108
NW_002476514.1	225026	225048	1289.773
NW_002476514.1	225027	225049	1457.77
NW_002476514.1	225028	225048	1705.032
NW_002476514.1	225029	225049	1941.509
NW_002476514.1	225030	225048	2215.372
NW_002476514.1	225031	225049	2545.542
NW_002476514.1	225032	225048	2867.282
NW_002476514.1	225033	225049	3314.093
NW_002476514.1	225034	225050	2890.859
NW_002476514.1	225035	225051	3336.097
NW_002476514.1	225036	225052	2881.403
NW_002476514.1	225037	225053	3297.692
NW_002476514.1	225038	225054	843.6198
NW_002476514.1	225039	225055	841.1101
NW_002476514.1	225403	225421	445.6627
NW_002476514.1	225405	225421	662.8923
NW_002476514.1	225407	225423	773.4534
NW_002476514.1	225409	225425	775.1713
NW_002476514.1	225411	225427	797.8844
NW_002476514.1	225413	225429	754.8274
NW_002476514.1	256500	256516	303.5173
NW_002476514.1	256506	256522	309.7603
NW_002476516.1	31261	31279	334.3466
NW_002476516.1	31263	31279	429.6746
NW_002476516.1	31265	31281	436.0545
NW_002476516.1	31267	31283	427.2712
NW_002476516.1	94345	94361	326.6633
NW_002476516.1	134847	134865	307.8727
NW_002476516.1	134849	134865	393.478
NW_002476516.1	134851	134867	399.8279
NW_002476516.1	134853	134869	386.9697
NW_002476520.1	71400	71420	336.8747
NW_002476522.1	112078	112096	358.366
NW_002476522.1	112082	112098	496.6008
NW_002476522.1	112086	112102	526.8694
NW_002476522.1	152627	152645	360.5965
NW_002476522.1	152629	152645	470.5451
NW_002476522.1	152631	152647	466.8993
NW_002476522.1	203649	203671	315.0708
NW_002476522.1	203651	203671	386.4327
NW_002476522.1	203652	203672	344.8226
NW_002476522.1	203653	203671	471.2113
NW_002476522.1	203654	203672	420.1486
NW_002476522.1	203655	203671	574.2485
NW_002476522.1	203656	203672	494.1363
NW_002476522.1	203657	203673	551.1883
NW_002476522.1	203658	203674	467.8905
NW_002476522.1	203659	203675	416.3448
NW_002476522.1	216457	216481	389.9379
NW_002476522.1	216458	216482	436.3609
NW_002476522.1	216459	216483	1229.664
NW_002476522.1	216460	216484	1179.771
NW_002476522.1	216461	216485	6498.181
NW_002476522.1	216462	216486	5053.956
NW_002476522.1	216463	216487	14692.57
NW_002476522.1	216464	216488	6033.477
NW_002476522.1	216465	216487	17380.66
NW_002476522.1	216466	216488	7037.744
NW_002476522.1	216467	216487	20385.17
NW_002476522.1	216468	216488	8178.396
NW_002476522.1	216469	216487	24077.96
NW_002476522.1	216470	216488	5224.672
NW_002476522.1	216471	216487	13455.93
NW_002476522.1	216472	216488	2881.403
NW_002476522.1	216473	216489	3031.761
NW_002476522.1	216474	216490	1050.71
NW_002476522.1	216475	216491	1373.127
NW_002476522.1	216476	216492	770.0301
NW_002476522.1	216477	216493	456.4677
NW_002476522.1	251167	251183	308.9198
NW_002476522.1	251169	251185	306.2055
NW_002476522.1	251171	251187	310.6033
NW_002476522.1	251173	251189	307.2463
NW_002476522.1	281244	281262	402.0628
NW_002476522.1	281245	281263	436.6675
NW_002476522.1	281246	281262	632.2504
NW_002476522.1	281247	281263	677.0813
NW_002476522.1	281248	281266	747.073
NW_002476522.1	281249	281265	696.6863
NW_002476522.1	281250	281266	1079.834
NW_002476522.1	281251	281267	698.7317
NW_002476522.1	281252	281268	1077.374
NW_002476522.1	281253	281269	1084.772
NW_002476522.1	281254	281270	1071.657
NW_002476522.1	281255	281271	629.5006
NW_002476527.1	59035	59059	583.0077
NW_002476527.1	59037	59059	921.4331
NW_002476527.1	59039	59059	1343.674
NW_002476527.1	59041	59059	1879.256
NW_002476527.1	59043	59059	2578.835
NW_002476527.1	59045	59067	928.3764
NW_002476527.1	59047	59067	1335.385
NW_002476527.1	59049	59067	1835.066
NW_002476527.1	74618	74642	583.0077
NW_002476527.1	74620	74642	921.4331
NW_002476527.1	74622	74642	1342.635
NW_002476527.1	74624	74642	1879.256
NW_002476527.1	74626	74642	2578.835
NW_002476527.1	135787	135805	357.3794
NW_002476527.1	135789	135805	457.7576
NW_002476527.1	135791	135807	459.6999
NW_002476527.1	153426	153446	309.9708
NW_002476527.1	153428	153446	352.0067
NW_002476533.1	4274	4296	314.8565
NW_002476533.1	4276	4296	452.9409
NW_002476533.1	4278	4296	610.6128
NW_002476533.1	4279	4301	367.3802
NW_002476533.1	4280	4296	845.5074
NW_002476533.1	4281	4301	450.0775
NW_002476533.1	4282	4298	859.4905
NW_002476533.1	4283	4301	550.3977
NW_002476533.1	4284	4300	1007.843
NW_002476533.1	4285	4301	674.6115
NW_002476533.1	4286	4302	991.9781
NW_002476534.1	26268	26292	345.2965
NW_002476534.1	26269	26293	414.0228
NW_002476534.1	26270	26292	383.2277
NW_002476534.1	71866	71884	437.5888
NW_002476534.1	71868	71884	641.5112
NW_002476534.1	71870	71888	440.0559
NW_002476534.1	71872	71888	618.6309
NW_002476534.1	87720	87736	332.5211
NW_002476534.1	87722	87738	331.3857
NW_002476534.1	265242	265258	331.3857
NW_002476534.1	265243	265261	1826.363
NW_002476534.1	452382	452402	325.9948
NW_002476534.1	452384	452402	392.1123
NW_002476534.1	452386	452402	462.3037
NW_002476534.1	650769	650791	323.115
NW_002476534.1	650771	650791	489.5946
NW_002476534.1	650773	650791	702.3269
NW_002476534.1	650775	650791	980.072
NW_002476534.1	650776	650792	392.1123
NW_002476534.1	650777	650797	492.384
NW_002476534.1	650778	650794	397.3299
NW_002476534.1	650779	650797	786.1477
NW_002476534.1	650780	650796	396.2251
NW_002476534.1	650781	650797	977.8569
NW_002476534.1	650782	650798	345.7711
NW_002476534.1	668599	668621	303.7232
NW_002476534.1	668601	668621	371.9805
NW_002476534.1	668603	668621	445.9764
NW_002476534.1	668605	668621	544.5076
NW_002476534.1	668607	668625	398.9933
NW_002476534.1	668609	668625	369.1618
NW_002476534.1	672394	672414	335.953
NW_002476534.1	672396	672414	412.8672
NW_002476534.1	672398	672414	501.9274
NW_002476534.1	672400	672416	495.8953
NW_002476534.1	672402	672418	367.3802
NW_002476534.1	830386	830404	385.0937
NW_002476534.1	830388	830404	518.2849
NW_002476534.1	830390	830406	526.8694
NW_002476534.1	830392	830408	381.6362
NW_002476534.1	830394	830410	339.8896
NW_002476534.1	831007	831031	342.9341
NW_002476534.1	831008	831032	342.9341
NW_002476534.1	831009	831033	475.5669
NW_002476534.1	831010	831032	392.385
NW_002476534.1	831011	831033	525.741
NW_002476534.1	831012	831032	435.7484
NW_002476534.1	831013	831033	435.7484
NW_002476534.1	831014	831032	341.291
NW_002476534.1	831015	831033	419.8546
NW_002476534.1	831016	831032	322.4544
NW_002476534.1	845801	845821	323.3355
NW_002476534.1	845803	845821	399.2713
NW_002476534.1	845805	845821	492.0344
NW_002476534.1	845807	845823	495.8953
NW_002476534.1	845809	845825	368.1426
NW_002476534.1	932703	932725	304.7548
NW_002476534.1	932705	932725	440.9849
NW_002476534.1	932707	932725	610.6128
NW_002476534.1	932709	932725	827.4507
NW_002476534.1	932710	932726	305.7902
NW_002476534.1	932711	932727	844.2485
NW_002476534.1	932712	932728	337.3366
NW_002476534.1	932713	932729	896.8996
NW_002476534.1	932714	932730	380.8431
NW_002476534.1	932715	932731	896.8996
NW_002476534.1	932716	932732	347.6767
NW_002476534.1	945873	945895	354.9262
NW_002476534.1	945875	945895	433.6119
NW_002476534.1	945877	945901	619.0797
NW_002476534.1	945878	945902	368.1426
NW_002476534.1	945879	945901	713.7575
NW_002476534.1	945880	945902	393.478
NW_002476534.1	945881	945901	696.6863
NW_002476534.1	945882	945902	375.6021
NW_002476534.1	945883	945901	378.2127
NW_002476534.1	989457	989473	334.3466
NW_002476534.1	989459	989475	392.1123
NW_002476534.1	989461	989477	334.5755
NW_002476534.1	989611	989633	308.7101
NW_002476534.1	989613	989633	346.0087
NW_002476535.1	203278	203294	367.3802
NW_002476535.1	203280	203296	372.4955
NW_002476535.1	203282	203298	389.1259
NW_002476535.1	405201	405217	436.3609
NW_002476537.1	50838	50856	314.6423
NW_002476537.1	50840	50856	389.1259
NW_002476537.1	50842	50858	400.6644
NW_002476537.1	50844	50860	398.1606
NW_002476537.1	58018	58034	731.2843
NW_002476539.1	38122	38146	922.1249
NW_002476539.1	38123	38147	395.3988
NW_002476539.1	38124	38146	1266.137
NW_002476539.1	38125	38147	528.3782
NW_002476539.1	38126	38146	1683.677
NW_002476539.1	38127	38147	687.0591
NW_002476539.1	38128	38146	2201.179
NW_002476539.1	38129	38147	880.2792
NW_002476539.1	38130	38146	312.7219
NW_002476539.1	38131	38147	1051.507
NW_002476539.1	38132	38148	318.522
NW_002476539.1	38133	38149	1136.387
NW_002476539.1	38134	38150	2965.275
NW_002476539.1	38135	38151	1096.39
NW_002476539.1	38136	38152	321.1377
NW_002476539.1	80641	80665	951.694
NW_002476539.1	80642	80666	2846.239
NW_002476539.1	80643	80665	1296.757
NW_002476539.1	80644	80666	4060.823
NW_002476539.1	80645	80665	1713.115
NW_002476539.1	80646	80666	5580.029
NW_002476539.1	80647	80665	2229.664
NW_002476539.1	80648	80666	7512.83
NW_002476539.1	80649	80665	2879.045
NW_002476539.1	80650	80666	10046.51
NW_002476539.1	80651	80667	3092.199
NW_002476539.1	80652	80674	4343.255
NW_002476539.1	80653	80669	3051.765
NW_002476539.1	80654	80674	5527.725
NW_002476539.1	80655	80671	936.0794
NW_002476539.1	80656	80674	2164.383
NW_002476539.1	80658	80674	629.0436
NW_002476542.1	26850	26868	331.1591
NW_002476542.1	26852	26868	432.3963
NW_002476542.1	26854	26870	501.9274
NW_002476542.1	26856	26872	503.0002
NW_002476542.1	133298	133322	1045.939
NW_002476542.1	133299	133321	337.3366
NW_002476542.1	133300	133322	1466.882
NW_002476542.1	133301	133321	501.2136
NW_002476542.1	133302	133322	1983.713
NW_002476542.1	133303	133321	708.5369
NW_002476542.1	133304	133322	2631.793
NW_002476542.1	133305	133321	977.1197
NW_002476542.1	133306	133322	3462.816
NW_002476542.1	133307	133323	1070.03
NW_002476542.1	133308	133326	2631.793
NW_002476542.1	133309	133325	1072.472
NW_002476542.1	133310	133326	3425.688
NW_002476542.1	133311	133327	1054.704
NW_002476542.1	133312	133330	693.1225
NW_002476542.1	213026	213050	365.8607
NW_002476542.1	213027	213051	333.2043
NW_002476542.1	213028	213050	493.0841
NW_002476542.1	213029	213051	439.4377
NW_002476542.1	213030	213050	644.3181
NW_002476542.1	213031	213051	564.8193
NW_002476542.1	213032	213050	829.2991
NW_002476542.1	213033	213051	716.3835
NW_002476542.1	213034	213050	1061.128
NW_002476542.1	213035	213051	904.9979
NW_002476542.1	213036	213052	1145.974
NW_002476542.1	213037	213053	1331.261
NW_002476542.1	213038	213054	1132.058
NW_002476542.1	213039	213055	976.3831
NW_002476542.1	340593	340617	491.336
NW_002476542.1	340595	340619	659.0352
NW_002476542.1	340597	340619	828.6824
NW_002476542.1	340598	340618	323.7771
NW_002476542.1	340599	340619	1028.645
NW_002476542.1	340600	340618	395.3988
NW_002476542.1	340601	340619	1270.044
NW_002476542.1	340602	340618	483.0385
NW_002476542.1	340603	340619	1568.8
NW_002476542.1	340604	340620	481.3293
NW_002476542.1	340605	340621	1192.493
NW_002476542.1	389776	389800	356.6415
NW_002476542.1	389777	389793	314.8565
NW_002476542.1	389778	389802	544.5076
NW_002476542.1	389780	389802	352.249
NW_002476542.1	389786	389802	1010.896
NW_002476544.1	57190	57214	333.2043
NW_002476544.1	57192	57214	392.6579
NW_002476544.1	57194	57214	454.2199
NW_002476544.1	57195	57213	332.7486
NW_002476544.1	57196	57214	512.038
NW_002476544.1	57197	57213	369.9282
NW_002476544.1	57198	57214	537.5302
NW_002476544.1	57199	57215	326.4403
NW_002476544.1	57200	57216	335.4931
NW_002476544.1	156895	156917	335.723
NW_002476544.1	156897	156917	406.2902
NW_002476544.1	156899	156917	490.6386
NW_002476544.1	156901	156917	592.3405
NW_002476544.1	156903	156919	415.1821
NW_002476544.1	156905	156921	324.8839
NW_002476544.1	166430	166452	305.7902
NW_002476544.1	166432	166452	390.7517
NW_002476544.1	166434	166452	496.2479
NW_002476544.1	166436	166452	624.04
NW_002476544.1	166438	166456	517.1765
NW_002476544.1	166440	166456	456.4677
NW_002476544.1	255845	255861	303.3116
NW_002476544.1	255847	255863	380.5792
NW_002476544.1	255849	255865	380.5792
NW_002476544.1	255851	255867	380.0519
NW_002476544.1	268155	268175	323.3355
NW_002476544.1	268157	268175	399.2713
NW_002476544.1	268159	268175	492.0344
NW_002476544.1	268161	268177	495.8953
NW_002476544.1	268163	268179	372.4955
NW_002476544.1	326029	326053	402.0628
NW_002476544.1	326030	326054	376.6439
NW_002476544.1	326031	326055	1245.839
NW_002476544.1	326032	326056	1111.525
NW_002476544.1	326033	326055	1562.67
NW_002476544.1	326034	326056	1373.127
NW_002476544.1	326035	326055	1938.421
NW_002476544.1	326036	326056	1681.028
NW_002476544.1	326037	326055	2376.229
NW_002476544.1	326038	326056	2033.387
NW_002476544.1	326039	326055	2881.403
NW_002476544.1	326040	326056	2424.737
NW_002476544.1	326041	326057	2879.045
NW_002476544.1	326042	326060	1957.026
NW_002476544.1	326043	326059	916.6064
NW_002476544.1	326044	326060	368.6518
NW_002476544.1	341772	341796	969.781
NW_002476544.1	341773	341797	588.503
NW_002476544.1	341774	341798	1389.191
NW_002476544.1	341775	341797	776.8933
NW_002476544.1	341776	341798	1811.956
NW_002476544.1	341777	341797	1002.524
NW_002476544.1	341778	341798	2319.389
NW_002476544.1	341779	341797	1277.896
NW_002476544.1	341780	341798	2902.725
NW_002476544.1	341781	341797	1583.617
NW_002476544.1	341782	341798	3858.662
NW_002476544.1	341783	341799	4939.256
NW_002476544.1	341784	341800	3655.018
NW_002476544.1	341785	341801	1562.67
NW_002476544.1	341786	341802	1058.714
NW_002476544.1	392537	392553	408.85
NW_002476544.1	393406	393426	304.7548
NW_002476544.1	393408	393426	404.3114
NW_002476544.1	393410	393426	528.7561
NW_002476544.1	393412	393428	539.0722
NW_002476544.1	393414	393430	539.4585
NW_002476544.1	393416	393432	487.168
NW_002476544.1	772036	772052	327.3334
NW_002476544.1	772038	772054	367.8883
NW_002476544.1	772040	772056	328.6781
NW_002476549.1	24553	24569	366.873
NW_002476549.1	24555	24571	371.4662
NW_002476549.1	24557	24573	367.1265
NW_002476549.1	24559	24575	322.0149
NW_002476550.1	21172	21188	300.2445
NW_002476551.1	23988	24004	314.6423
NW_002476551.1	23990	24006	308.9198
NW_002476552.1	65643	65663	320.4816
NW_002476552.1	65644	65662	412.2907
NW_002476552.1	65645	65663	516.8076
NW_002476552.1	65646	65662	647.1384
NW_002476552.1	65647	65663	784.4035
NW_002476552.1	65648	65664	714.8067
NW_002476552.1	65649	65665	802.0371
NW_002476552.1	65650	65666	736.1451
NW_002476552.1	65651	65667	802.6322
NW_002476552.1	65652	65668	735.6033
NW_002476552.1	65653	65669	745.4227
NW_002476552.1	65654	65670	715.8575
NW_002476552.1	65655	65671	644.3181
NW_002476552.1	69881	69901	320.4816
NW_002476552.1	69882	69900	412.2907
NW_002476552.1	69883	69901	516.8076
NW_002476552.1	69884	69900	647.1384
NW_002476552.1	69885	69901	784.4035
NW_002476552.1	69886	69902	714.8067
NW_002476552.1	69887	69903	802.0371
NW_002476552.1	69888	69904	736.1451
NW_002476552.1	69889	69905	802.6322
NW_002476552.1	69890	69906	735.6033
NW_002476552.1	69891	69907	745.4227
NW_002476552.1	69892	69908	715.8575
NW_002476552.1	69893	69909	644.3181
NW_002476554.1	89297	89315	322.2346
NW_002476554.1	89299	89315	437.2814
NW_002476554.1	89300	89316	326.2175
NW_002476554.1	89302	89318	302.6955
NW_002476554.1	89303	89321	329.8033
NW_002476554.1	89304	89320	325.1057
NW_002476554.1	89305	89321	428.7716
NW_002476554.1	630546	630566	336.8747
NW_002476554.1	630548	630566	393.478
NW_002476554.1	630550	630566	397.3299
NW_002476554.1	653758	653782	345.0594
NW_002476554.1	653760	653784	398.1606
NW_002476554.1	653761	653785	429.9761
NW_002476554.1	653762	653786	709.5777
NW_002476554.1	653763	653785	479.2868
NW_002476554.1	653764	653786	776.8933
NW_002476554.1	653766	653786	564.4132
NW_002476554.1	653768	653786	449.1275
NW_002476554.1	653770	653786	419.2674
NW_002476554.1	695529	695553	580.0719
NW_002476554.1	695530	695554	350.5568
NW_002476554.1	695531	695553	703.8738
NW_002476554.1	695532	695554	415.1821
NW_002476554.1	695533	695553	848.0313
NW_002476554.1	695534	695554	500.8571
NW_002476554.1	695535	695553	1020.887
NW_002476554.1	695536	695554	595.7745
NW_002476554.1	695537	695553	1094.722
NW_002476554.1	695538	695554	704.3903
NW_002476554.1	695539	695555	1049.117
NW_002476554.1	695541	695557	389.1259
NW_002476554.1	697553	697575	364.5998
NW_002476554.1	697555	697575	441.9162
NW_002476554.1	697557	697575	533.3142
NW_002476554.1	697559	697575	644.7873
NW_002476554.1	697561	697577	653.2953
NW_002476554.1	706450	706472	345.0594
NW_002476554.1	706451	706473	324.4406
NW_002476554.1	706452	706476	500.5009
NW_002476554.1	706453	706477	450.7121
NW_002476554.1	706454	706476	584.2709
NW_002476554.1	706455	706477	512.7686
NW_002476554.1	706456	706476	685.0508
NW_002476554.1	706457	706477	591.4854
NW_002476554.1	706458	706476	652.344
NW_002476554.1	706459	706477	356.1505
NW_002476554.1	731602	731622	323.3355
NW_002476554.1	731604	731622	399.2713
NW_002476554.1	731606	731622	492.0344
NW_002476554.1	731608	731624	529.1343
NW_002476554.1	731610	731626	416.3448
NW_002476554.1	945392	945408	309.3397
NW_002476554.1	945394	945410	322.8947
NW_002476554.1	958277	958295	373.5279
NW_002476554.1	958279	958295	507.6779
NW_002476554.1	958281	958297	509.1268
NW_002476554.1	958283	958299	504.4344
NW_002476554.1	978065	978081	300.2445
NW_002476554.1	978067	978083	352.9769
NW_002476554.1	978069	978085	352.7341
NW_002476554.1	978071	978087	331.8393
NW_002476555.1	17834	17856	311.4489
NW_002476555.1	17836	17856	454.2199
NW_002476555.1	17838	17856	621.78
NW_002476555.1	17840	17856	863.3475
NW_002476555.1	17841	17857	326.6633
NW_002476555.1	17842	17858	863.3475
NW_002476555.1	17843	17859	327.1099
NW_002476555.1	17844	17860	878.9641
NW_002476555.1	17845	17861	325.7723
NW_002476555.1	17846	17862	861.4167
NW_002476555.1	59097	59113	335.723
NW_002476556.1	22789	22805	330.7065
NW_002476556.1	22791	22807	341.7596
NW_002476556.1	22793	22809	336.8747
NW_002476556.1	49502	49526	356.3959
NW_002476556.1	49503	49525	337.1056
NW_002476556.1	49504	49526	348.1549
NW_002476556.1	49505	49525	378.7371
NW_002476556.1	49506	49526	392.6579
NW_002476556.1	49507	49525	433.3077
NW_002476556.1	49508	49526	433.3077
NW_002476556.1	68790	68812	358.8603
NW_002476556.1	68792	68812	440.0559
NW_002476556.1	68794	68812	534.078
NW_002476556.1	68796	68812	635.0132
NW_002476556.1	68798	68814	492.0344
NW_002476556.1	76257	76281	369.9282
NW_002476556.1	76258	76282	521.2534
NW_002476556.1	76259	76283	1222.131
NW_002476556.1	76260	76284	1525.237
NW_002476556.1	76261	76285	1561.447
NW_002476556.1	76262	76284	1897.251
NW_002476556.1	76263	76285	1952.357
NW_002476556.1	76264	76284	2338.172
NW_002476556.1	76265	76283	2434.565
NW_002476556.1	76266	76284	2869.63
NW_002476556.1	76267	76283	3026.782
NW_002476556.1	76268	76284	3523.703
NW_002476556.1	76269	76285	3648.937
NW_002476556.1	76270	76286	2879.045
NW_002476556.1	76271	76287	1390.269
NW_002476556.1	76272	76288	945.9836
NW_002476556.1	76273	76289	398.438
NW_002476556.1	85998	86016	300.0412
NW_002476556.1	86000	86016	322.4544
NW_002476558.1	14794	14818	541.3944
NW_002476558.1	14796	14818	614.6076
NW_002476558.1	14798	14818	697.7082
NW_002476558.1	14800	14818	687.0591
NW_002476558.1	14802	14818	390.209
NW_002476559.1	23497	23521	321.1377
NW_002476559.1	23499	23521	400.6644
NW_002476559.1	23501	23521	493.7853
NW_002476559.1	23503	23521	604.4547
NW_002476559.1	23505	23521	740.4953
NW_002476559.1	317558	317574	331.1591
NW_002476559.1	317560	317576	331.6124
NW_002476559.1	317562	317578	330.7065
NW_002476559.1	322721	322743	320.045
NW_002476559.1	322723	322743	486.132
NW_002476559.1	322725	322743	697.7082
NW_002476559.1	322727	322743	974.177
NW_002476559.1	322729	322745	974.9118
NW_002476559.1	322731	322747	993.4773
NW_002476559.1	322733	322749	973.4428
NW_002476559.1	549904	549926	310.8145
NW_002476559.1	549906	549924	366.873
NW_002476559.1	550324	550348	536.7609
NW_002476559.1	550325	550349	336.8747
NW_002476559.1	550326	550348	702.8421
NW_002476559.1	550327	550349	460.3494
NW_002476559.1	550328	550348	900.9389
NW_002476559.1	550329	550349	609.7289
NW_002476559.1	550330	550348	1144.225
NW_002476559.1	550331	550349	794.3436
NW_002476559.1	550332	550348	1448.72
NW_002476559.1	550333	550349	1027.867
NW_002476559.1	550334	550350	1519.291
NW_002476559.1	550335	550351	1138.993
NW_002476559.1	550336	550352	1177.966
NW_002476559.1	550337	550353	834.25
NW_002476559.1	550338	550354	354.6819
NW_002476559.1	644521	644539	344.5859
NW_002476559.1	644523	644539	424.8824
NW_002476559.1	644524	644540	321.576
NW_002476559.1	644525	644541	472.2126
NW_002476559.1	644526	644542	302.2854
NW_002476559.1	961463	961487	456.7898
NW_002476559.1	961465	961487	611.9412
NW_002476559.1	961467	961487	802.0371
NW_002476559.1	961469	961487	1038.827
NW_002476559.1	961471	961487	1268.089
NW_002476559.1	961473	961489	1328.177
NW_002476559.1	961477	961493	922.8173
NW_002476559.1	1069829	1069845	359.8513
NW_002476559.1	1114348	1114366	313.1476
NW_002476559.1	1114350	1114366	389.1259
NW_002476559.1	1114352	1114368	377.689
NW_002476559.1	1114354	1114370	389.1259
NW_002476559.1	1194499	1194523	350.3158
NW_002476559.1	1194500	1194524	357.8723
NW_002476559.1	1194501	1194525	1458.906
NW_002476559.1	1194502	1194526	3550.147
NW_002476559.1	1194503	1194525	1982.132
NW_002476559.1	1194504	1194526	4698.16
NW_002476559.1	1194505	1194525	2621.109
NW_002476559.1	1194506	1194526	6090.891
NW_002476559.1	1194507	1194525	3420.014
NW_002476559.1	1194508	1194526	7827.831
NW_002476559.1	1194509	1194525	4435.758
NW_002476559.1	1194510	1194526	9993.104
NW_002476559.1	1194511	1194527	4670.399
NW_002476559.1	1194512	1194528	10588.1
NW_002476559.1	1194513	1194529	4101.907
NW_002476559.1	1194514	1194530	8114.084
NW_002476559.1	1194515	1194531	1147.727
NW_002476559.1	1194516	1194532	920.0513
NW_002476559.1	1332158	1332182	968.3204
NW_002476559.1	1332159	1332183	1239.151
NW_002476559.1	1332160	1332182	1485.29
NW_002476559.1	1332161	1332183	1876.275
NW_002476559.1	1332162	1332182	2162.647
NW_002476559.1	1332163	1332183	2688.108
NW_002476559.1	1332164	1332182	3021.811
NW_002476559.1	1332165	1332183	3738.179
NW_002476559.1	1332166	1332182	4150.4
NW_002476559.1	1332167	1332183	5131.997
NW_002476559.1	1332168	1332184	4595.926
NW_002476559.1	1332169	1332185	5527.725
NW_002476559.1	1332170	1332186	4746.16
NW_002476559.1	1332171	1332187	4964.503
NW_002476559.1	1332172	1332188	3520.778
NW_002476559.1	1332173	1332189	3408.696
NW_002476559.1	1332174	1332190	720.6069
NW_002476559.1	1459803	1459827	384.8265
NW_002476559.1	1459804	1459828	601.4011
NW_002476559.1	1459805	1459829	923.5102
NW_002476559.1	1459806	1459830	1433.027
NW_002476559.1	1459807	1459831	3801.082
NW_002476559.1	1459808	1459830	1699.666
NW_002476559.1	1459809	1459831	4511.273
NW_002476559.1	1459810	1459830	2638.226
NW_002476559.1	1459811	1459831	5211.324
NW_002476559.1	1459812	1459830	2387.775
NW_002476559.1	1459813	1459831	4981.411
NW_002476559.1	1459814	1459830	2422.776
NW_002476559.1	1459815	1459831	5184.738
NW_002476559.1	1459816	1459832	1094.722
NW_002476559.1	1459817	1459833	2424.737
NW_002476559.1	1459818	1459834	408.85
NW_002476559.1	1459819	1459835	918.6716
NW_002476559.1	1677975	1677993	341.7596
NW_002476559.1	1677976	1677992	305.3756
NW_002476559.1	1677977	1677993	435.1368
NW_002476559.1	1677979	1677995	411.715
NW_002476559.1	1677981	1677997	364.3481
NW_002476559.1	1691325	1691341	388.5856
NW_002476559.1	1691329	1691345	355.9053
NW_002476559.1	1779682	1779706	397.3299
NW_002476559.1	1779683	1779705	349.5939
NW_002476559.1	1779684	1779706	559.9668
NW_002476559.1	1779685	1779705	510.9442
NW_002476559.1	1779686	1779706	760.9814
NW_002476559.1	1779687	1779705	714.8067
NW_002476559.1	1779688	1779706	971.9763
NW_002476559.1	1779689	1779705	962.5019
NW_002476559.1	1779690	1779706	1274.946
NW_002476559.1	1779691	1779707	1063.548
NW_002476559.1	1779692	1779708	1496.921
NW_002476559.1	1779693	1779709	1391.348
NW_002476559.1	1779694	1779710	1494.587
NW_002476559.1	1779695	1779711	1371.0
NW_002476559.1	1779696	1779712	395.9495
NW_002476559.1	1779697	1779713	321.7953
NW_002476559.1	1871954	1871972	343.1696
NW_002476559.1	1871956	1871972	447.5489
NW_002476559.1	1871958	1871974	438.8204
NW_002476559.1	1871960	1871976	436.0545
NW_002476559.1	1878353	1878371	382.1659
NW_002476559.1	1878355	1878371	577.5683
NW_002476559.1	1878356	1878372	350.3158
NW_002476559.1	1878357	1878373	680.058
NW_002476559.1	1878358	1878374	437.2814
NW_002476559.1	1878359	1878375	681.0534
NW_002476559.1	1878360	1878376	442.5382
NW_002476559.1	1878361	1878377	679.5609
NW_002476559.1	1878362	1878378	433.6119
NW_002476559.1	1878363	1878379	661.9257
NW_002476559.1	1884489	1884505	309.5499
NW_002476559.1	1916700	1916716	576.3209
NW_002476559.1	1993120	1993136	304.5481
NW_002476559.1	1993122	1993138	304.9615
NW_002476559.1	1993124	1993140	310.6033
NW_002476559.1	1993125	1993141	469.8799
NW_002476559.1	1993126	1993142	304.5481
NW_002476559.1	2007318	2007338	329.8033
NW_002476559.1	2007320	2007338	435.1368
NW_002476559.1	2007322	2007338	568.898
NW_002476559.1	2007324	2007340	577.5683
NW_002476559.1	2007326	2007342	600.5317
NW_002476559.1	2018285	2018309	446.9192
NW_002476559.1	2018287	2018311	1192.493
NW_002476559.1	2018289	2018311	1652.184
NW_002476559.1	2018290	2018312	337.7992
NW_002476559.1	2018291	2018311	1874.786
NW_002476559.1	2018292	2018312	407.4257
NW_002476559.1	2018293	2018311	2510.672
NW_002476559.1	2018294	2018312	483.3812
NW_002476559.1	2018295	2018311	2881.403
NW_002476559.1	2018296	2018312	494.8391
NW_002476559.1	2018297	2018313	2879.045
NW_002476559.1	2018298	2018316	377.689
NW_002476559.1	2018299	2018315	915.2323
NW_002476559.1	2070204	2070228	322.6745
NW_002476559.1	2070206	2070228	414.8919
NW_002476559.1	2070208	2070228	523.4919
NW_002476559.1	2070209	2070229	348.6338
NW_002476559.1	2070210	2070228	654.2482
NW_002476559.1	2070211	2070229	428.7716
NW_002476559.1	2070213	2070229	523.1181
NW_002476559.1	2070214	2070230	815.8474
NW_002476559.1	2070215	2070231	492.0344
NW_002476559.1	2089227	2089243	311.0258
NW_002476559.1	2090577	2090601	351.7646
NW_002476559.1	2090579	2090601	409.9934
NW_002476559.1	2090580	2090602	403.4666
NW_002476559.1	2090581	2090601	476.916
NW_002476559.1	2090583	2090601	543.3379
NW_002476559.1	2090584	2090602	529.8916
NW_002476559.1	2090585	2090601	608.4057
NW_002476563.1	175325	175345	337.1056
NW_002476563.1	175327	175345	332.7486
NW_002476563.1	175329	175345	369.9282
NW_002476563.1	175331	175347	326.4403
NW_002476563.1	253410	253434	604.4547
NW_002476563.1	253411	253435	660.4787
NW_002476563.1	253412	253436	1438.61
NW_002476563.1	253413	253437	1521.666
NW_002476563.1	253414	253438	2921.819
NW_002476563.1	253415	253439	3029.27
NW_002476563.1	253416	253440	5198.013
NW_002476563.1	253417	253441	5332.773
NW_002476563.1	253418	253440	5971.5
NW_002476563.1	253419	253441	5971.5
NW_002476563.1	253420	253440	6218.186
NW_002476563.1	253421	253441	6218.186
NW_002476563.1	253422	253440	4077.888
NW_002476563.1	253423	253441	4077.888
NW_002476563.1	253424	253440	2422.776
NW_002476563.1	253425	253441	2422.776
NW_002476563.1	253426	253442	1049.117
NW_002476563.1	253427	253443	1049.117
NW_002476563.1	253428	253444	372.4955
NW_002476563.1	253429	253445	372.7533
NW_002476563.1	435732	435750	356.3959
NW_002476563.1	435734	435750	457.4347
NW_002476563.1	435736	435752	501.9274
NW_002476563.1	435738	435754	375.8623
NW_002476563.1	435740	435756	335.723
NW_002476563.1	462778	462800	315.0708
NW_002476563.1	462780	462800	457.7576
NW_002476563.1	462782	462800	636.3996
NW_002476563.1	462783	462801	351.5227
NW_002476563.1	462784	462800	866.576
NW_002476563.1	462785	462801	469.2158
NW_002476563.1	462786	462804	641.9781
NW_002476563.1	462787	462803	471.5448
NW_002476563.1	462788	462804	866.576
NW_002476563.1	462789	462805	468.5526
NW_002476563.1	462790	462810	447.5489
NW_002476566.1	35506	35522	303.7232
NW_002476567.1	64314	64330	369.1618
NW_002476567.1	64315	64331	373.0113
NW_002476567.1	64316	64332	373.5279
NW_002476567.1	64318	64334	368.1426
NW_002476567.1	109012	109032	346.7225
NW_002476567.1	109014	109032	417.2193
NW_002476567.1	109016	109032	498.0152
NW_002476567.1	109018	109034	435.1368
NW_002476567.1	109020	109036	419.2674
NW_002476567.1	236932	236956	616.8392
NW_002476567.1	236933	236957	715.3319
NW_002476567.1	236934	236956	734.521
NW_002476567.1	236935	236957	831.7706
NW_002476567.1	236936	236956	878.3073
NW_002476567.1	236937	236957	967.591
NW_002476567.1	236938	236956	1041.981
NW_002476567.1	236939	236957	1128.608
NW_002476567.1	236940	236956	1234.398
NW_002476567.1	236941	236957	790.8198
NW_002476567.1	236942	236958	655.2026
NW_002476567.1	236943	236959	547.2477
NW_002476567.1	236944	236960	333.2043
NW_002476567.1	236945	236961	386.1645
NW_002476567.1	272787	272811	866.576
NW_002476567.1	272789	272811	1137.255
NW_002476567.1	272791	272811	1460.043
NW_002476567.1	272793	272811	1854.076
NW_002476567.1	272795	272811	2345.731
NW_002476567.1	272796	272812	330.7065
NW_002476567.1	273852	273876	375.6021
NW_002476567.1	273853	273877	375.6021
NW_002476567.1	273854	273878	758.1774
NW_002476567.1	273855	273877	438.8204
NW_002476567.1	273856	273878	839.8582
NW_002476567.1	273857	273877	480.9882
NW_002476567.1	273858	273878	952.4104
NW_002476567.1	273859	273877	551.584
NW_002476567.1	273860	273878	1093.889
NW_002476567.1	273861	273877	646.6675
NW_002476567.1	273862	273878	608.4057
NW_002476567.1	283725	283745	340.8232
NW_002476567.1	283726	283746	340.8232
NW_002476567.1	283727	283745	418.6811
NW_002476567.1	283728	283746	418.6811
NW_002476567.1	283729	283745	495.8953
NW_002476567.1	283730	283746	495.8953
NW_002476567.1	283731	283747	492.0344
NW_002476567.1	283732	283748	492.0344
NW_002476567.1	567864	567880	335.953
NW_002476567.1	567865	567881	313.5738
NW_002476567.1	567866	567882	336.644
NW_002476567.1	567867	567883	315.4999
NW_002476567.1	567868	567884	339.1912
NW_002476567.1	567869	567885	307.8727
NW_002476567.1	751766	751782	305.7902
NW_002476567.1	751768	751784	313.5738
NW_002476567.1	751770	751786	414.3123
NW_002476567.1	751772	751788	397.0534
NW_002476567.1	884410	884428	302.9007
NW_002476567.1	884412	884428	487.168
NW_002476567.1	884414	884430	357.3794
NW_002476567.1	929993	930009	372.4955
NW_002476567.1	929995	930011	377.689
NW_002476567.1	929997	930013	372.4955
NW_002476567.1	1046164	1046180	302.0807
NW_002476567.1	1139666	1139682	305.9978
NW_002476567.1	1139668	1139684	307.6638
NW_002476567.1	1139670	1139686	311.8726
NW_002476567.1	1139672	1139688	308.5005
NW_002476567.1	1139941	1139959	350.3158
NW_002476567.1	1139942	1139960	352.4914
NW_002476567.1	1139943	1139959	442.8495
NW_002476567.1	1139944	1139960	446.9192
NW_002476567.1	1139945	1139961	442.2271
NW_002476567.1	1139946	1139962	445.9764
NW_002476567.1	1139947	1139963	444.0974
NW_002476567.1	1139948	1139964	447.5489
NW_002476569.1	383330	383354	501.2136
NW_002476569.1	383332	383354	578.4015
NW_002476569.1	383333	383353	323.9981
NW_002476569.1	383334	383354	665.8012
NW_002476569.1	383335	383353	369.417
NW_002476569.1	383336	383354	765.4912
NW_002476569.1	383338	383354	496.954
NW_002476569.1	383340	383356	302.2854
NW_002476569.1	421461	421479	368.6518
NW_002476569.1	421463	421479	575.0765
NW_002476569.1	421465	421481	591.0583
NW_002476569.1	421467	421483	578.8186
NW_002476569.1	421469	421485	591.0583
NW_002476569.1	421471	421487	575.0765
NW_002476569.1	557116	557134	314.2144
NW_002476569.1	557118	557134	368.3971
NW_002476570.1	196200	196224	339.6566
NW_002476570.1	196202	196224	376.6439
NW_002476570.1	196204	196224	392.9311
NW_002476570.1	196205	196223	320.2632
NW_002476570.1	196206	196224	325.1057
NW_002476570.1	196207	196223	319.8269
NW_002476570.1	196208	196224	326.4403
NW_002476570.1	196209	196225	306.4133
NW_002476570.1	196210	196226	308.0818
NW_002476570.1	323224	323240	315.7148
NW_002476570.1	323226	323242	333.2043
NW_002476570.1	323228	323244	335.034
NW_002476570.1	323230	323246	327.1099
NW_002476570.1	357052	357076	519.7668
NW_002476570.1	357054	357076	679.5609
NW_002476570.1	357055	357075	311.0258
NW_002476570.1	357056	357076	869.8176
NW_002476570.1	357057	357075	430.2778
NW_002476570.1	357058	357076	1101.41
NW_002476570.1	357059	357075	573.0089
NW_002476570.1	357060	357076	1390.269
NW_002476570.1	357061	357077	583.0077
NW_002476570.1	357062	357078	1401.1
NW_002476570.1	357063	357079	495.1909
NW_002476570.1	357064	357080	1059.518
NW_002476570.1	357065	357081	311.4489
NW_002476570.1	371077	371097	323.3355
NW_002476570.1	371079	371097	399.2713
NW_002476570.1	371081	371097	492.0344
NW_002476570.1	371083	371099	495.8953
NW_002476570.1	371085	371101	372.4955
NW_002476570.1	385089	385113	359.8513
NW_002476570.1	385091	385115	465.9103
NW_002476570.1	385092	385116	456.4677
NW_002476570.1	385093	385117	713.2336
NW_002476570.1	385094	385118	541.7825
NW_002476570.1	385095	385117	829.9162
NW_002476570.1	385096	385120	724.8574
NW_002476570.1	385097	385117	962.5019
NW_002476570.1	385098	385120	754.8274
NW_002476570.1	385099	385117	945.9836
NW_002476570.1	385100	385120	621.329
NW_002476570.1	385101	385117	494.1363
NW_002476570.1	385102	385120	591.9128
NW_002476570.1	395866	395890	408.85
NW_002476570.1	395868	395890	531.4098
NW_002476570.1	395869	395891	318.9563
NW_002476570.1	395870	395890	676.5865
NW_002476570.1	395871	395891	380.5792
NW_002476570.1	395872	395890	851.8325
NW_002476570.1	395873	395891	473.2162
NW_002476570.1	395874	395890	1070.03
NW_002476570.1	395875	395891	565.2257
NW_002476570.1	395876	395892	1078.193
NW_002476570.1	395878	395894	1064.356
NW_002476570.1	395879	395897	339.1912
NW_002476570.1	399500	399516	320.7001
NW_002476570.1	399502	399518	411.715
NW_002476570.1	399504	399520	329.1276
NW_002476570.1	399506	399522	330.7065
NW_002476570.1	560350	560372	316.5756
NW_002476570.1	560352	560372	365.3558
NW_002476570.1	560354	560372	420.1486
NW_002476570.1	560356	560372	328.4535
NW_002476570.1	609434	609458	584.2709
NW_002476570.1	609436	609458	995.7308
NW_002476570.1	609437	609457	503.0002
NW_002476570.1	609438	609458	1527.623
NW_002476570.1	609439	609457	777.4682
NW_002476570.1	609440	609458	2222.506
NW_002476570.1	609441	609457	1149.482
NW_002476570.1	609442	609458	3148.735
NW_002476570.1	609443	609459	1199.829
NW_002476570.1	609444	609460	3383.376
NW_002476570.1	609445	609461	1319.991
NW_002476570.1	609446	609462	3728.84
NW_002476570.1	609447	609463	1286.793
NW_002476570.1	609448	609464	3089.655
NW_002476570.1	772945	772961	329.5779
NW_002476570.1	793089	793113	436.3609
NW_002476570.1	793090	793114	319.3913
NW_002476570.1	793091	793115	898.2438
NW_002476570.1	793092	793116	449.7606
NW_002476570.1	793093	793115	1017.802
NW_002476570.1	793094	793116	506.5942
NW_002476570.1	793095	793115	1168.09
NW_002476570.1	793096	793116	416.0538
NW_002476570.1	793097	793115	1197.072
NW_002476570.1	793098	793116	396.501
NW_002476570.1	793099	793115	801.4424
NW_002476570.1	793101	793117	495.8953
NW_002476570.1	793103	793127	476.916
NW_002476570.1	793105	793127	308.7101
NW_002476570.1	803454	803474	360.5965
NW_002476570.1	803456	803474	432.0929
NW_002476570.1	803458	803474	514.6003
NW_002476570.1	803459	803475	342.9341
NW_002476570.1	803460	803476	429.3734
NW_002476570.1	803462	803478	397.3299
NW_002476571.1	11644	11668	536.3768
NW_002476571.1	11645	11669	454.2199
NW_002476571.1	11646	11670	633.6302
NW_002476571.1	11647	11669	515.3349
NW_002476571.1	11648	11670	717.4368
NW_002476571.1	11649	11669	529.5128
NW_002476571.1	11650	11670	708.0171
NW_002476571.1	11651	11669	418.3883
NW_002476571.1	11652	11670	418.3883
NW_002476571.1	11653	11669	392.9311
NW_002476571.1	39263	39283	325.9948
NW_002476571.1	39265	39283	402.9044
NW_002476571.1	39267	39283	495.8953
NW_002476571.1	39269	39285	554.363
NW_002476571.1	153927	153951	358.613
NW_002476571.1	153928	153952	355.6602
NW_002476571.1	153929	153951	426.6726
NW_002476571.1	153930	153952	419.8546
NW_002476571.1	153931	153951	507.3164
NW_002476571.1	153932	153952	475.2303
NW_002476571.1	153933	153951	553.1701
NW_002476571.1	153934	153952	509.4897
NW_002476571.1	153935	153951	522.7446
NW_002476571.1	153936	153952	462.3037
NW_002476571.1	239193	239209	307.455
NW_002476571.1	460722	460738	327.7809
NW_002476571.1	460723	460739	397.0534
NW_002476571.1	460724	460740	358.8603
NW_002476571.1	460726	460742	362.8424
NW_002476571.1	460728	460744	326.2175
NW_002476571.1	588070	588094	360.8453
NW_002476571.1	588071	588093	446.6047
NW_002476571.1	588072	588094	491.6851
NW_002476571.1	588074	588094	648.5536
NW_002476571.1	588076	588094	840.4839
NW_002476571.1	588078	588094	1082.3
NW_002476571.1	588080	588096	1108.143
NW_002476571.1	588081	588097	958.8846
NW_002476571.1	588082	588098	1095.556
NW_002476571.1	588084	588100	305.1685
NW_002476571.1	618448	618470	514.9674
NW_002476571.1	618450	618470	1009.368
NW_002476571.1	618451	618469	309.9708
NW_002476571.1	618452	618470	1699.666
NW_002476571.1	618453	618469	437.8963
NW_002476571.1	618454	618470	2666.297
NW_002476571.1	618455	618471	485.0984
NW_002476571.1	618457	618473	441.6055
NW_002476571.1	618459	618475	410.2798
NW_002476571.1	721797	721813	315.7148
NW_002476571.1	842849	842865	384.8265
NW_002476571.1	842851	842867	312.5094
NW_002476571.1	842853	842869	338.7265
NW_002476571.1	842855	842871	303.1061
NW_002476571.1	908740	908756	368.1426
NW_002476571.1	908742	908758	372.4955
NW_002476571.1	908744	908760	372.4955
NW_002476575.1	40746	40762	372.7533
NW_002476575.1	40748	40764	377.689
NW_002476575.1	40750	40766	372.4955
NW_002476575.1	151527	151543	304.5481
NW_002476577.1	149693	149709	303.9292
NW_002476577.1	149697	149713	300.2445
NW_002476577.1	158881	158899	318.0884
NW_002476577.1	158882	158900	320.2632
NW_002476577.1	158883	158899	395.674
NW_002476577.1	158884	158900	398.1606
NW_002476577.1	158885	158901	424.2875
NW_002476577.1	158886	158902	395.3988
NW_002476577.1	158887	158903	395.674
NW_002476577.1	158888	158904	368.1426
NW_002476578.1	122541	122561	321.576
NW_002476578.1	122543	122561	402.9044
NW_002476578.1	122545	122561	495.8953
NW_002476578.1	122547	122563	492.0344
NW_002476578.1	142043	142059	320.9189
NW_002476578.1	142047	142063	311.6606
NW_002476578.1	230395	230413	348.1549
NW_002476578.1	230397	230413	422.2125
NW_002476578.1	274077	274095	317.8718
NW_002476578.1	274079	274095	381.1073
NW_002476578.1	376307	376327	344.3494
NW_002476578.1	376309	376327	430.8819
NW_002476578.1	376311	376327	533.696
NW_002476578.1	376313	376329	509.1268
NW_002476578.1	376315	376331	432.6998
NW_002476578.1	391053	391071	332.9764
NW_002476578.1	391055	391071	410.8532
NW_002476578.1	391057	391073	410.2798
NW_002476578.1	395965	395989	467.8905
NW_002476578.1	395967	395989	598.797
NW_002476578.1	395968	395990	353.4631
NW_002476578.1	395969	395989	753.1584
NW_002476578.1	395970	395990	430.8819
NW_002476578.1	395971	395989	939.6037
NW_002476578.1	395972	395990	523.866
NW_002476578.1	395973	395989	1192.493
NW_002476578.1	395974	395990	637.7893
NW_002476578.1	395975	395993	951.694
NW_002476578.1	395976	395992	362.0921
NW_002476578.1	395977	395993	917.9826
NW_002476578.1	410584	410600	300.4479
NW_002476579.1	47617	47633	378.4748
NW_002476579.1	47619	47635	385.0937
NW_002476581.1	14413	14429	307.6638
NW_002476654.1	1529	1545	345.7711
NW_002476654.1	1531	1549	422.8042
NW_002476654.1	1532	1548	336.4135
NW_002476654.1	1533	1549	529.1343
NW_002476654.1	1534	1550	322.4544
NW_002476654.1	1535	1551	388.5856
NW_002476654.1	1537	1553	345.7711
NW_002476692.1	713	729	305.5828
NW_002476700.1	798	822	401.7827
NW_002476700.1	800	822	566.447
NW_002476700.1	802	822	766.6232
NW_002476700.1	803	821	330.7065
NW_002476700.1	804	822	1018.572
NW_002476700.1	805	821	430.5798
NW_002476700.1	806	822	1337.452
NW_002476700.1	807	823	469.5477
NW_002476700.1	808	824	1358.314
NW_002476700.1	809	825	486.8224
NW_002476700.1	810	826	1209.068
NW_002476700.1	811	827	343.8769
NW_002476700.1	812	828	863.3475
NW_002476712.1	-5	13	345.7711
NW_002476712.1	-3	13	437.5888
NW_002476712.1	-1	15	444.41
NW_002476712.1	1	17	386.9697
NW_002476786.1	1072	1088	321.1377
NW_002476786.1	1074	1090	326.6633
NW_002476786.1	1076	1092	309.5499
NW_002476786.1	1078	1094	303.9292
NW_002476889.1	893	911	333.4324
NW_002476889.1	895	911	435.1368
NW_002476889.1	897	913	435.4425
NW_002476889.1	899	915	432.3963
NW_002477021.1	548	566	332.7486
NW_002477021.1	549	567	333.4324
NW_002477021.1	550	566	436.0545
NW_002477021.1	551	567	435.1368
NW_002477021.1	552	568	443.1612
NW_002477021.1	553	569	435.4425
NW_002477021.1	554	570	443.1612
NW_002477021.1	555	571	433.6119
NW_002477021.1	556	572	304.9615
NW_002477054.1	956	980	305.3756
NW_002477054.1	958	982	365.6082
NW_002477054.1	960	982	421.6216
NW_002477054.1	962	982	450.0775
NW_002477054.1	963	981	332.7486
NW_002477054.1	964	982	509.8529
NW_002477054.1	965	981	391.2953
NW_002477054.1	966	982	362.0921
